Title,Company,Location,Description,Application Link
Senior Python Developer,"Payne, Roberts and Davis","Stewartbury, AA",No description available,No link available
Energy engineer,Vasquez-Davidson,"Christopherville, AA",No description available,No link available
Legal executive,"Jackson, Chambers and Levy","Port Ericaburgh, AA",No description available,No link available
Fitness centre manager,Savage-Bradley,"East Seanview, AP",No description available,No link available
Product manager,Ramirez Inc,"North Jamieview, AP",No description available,No link available
Medical technical officer,Rogers-Yates,"Davidville, AP",No description available,No link available
Physiological scientist,Kramer-Klein,"South Christopher, AE",No description available,No link available
Textile designer,Meyers-Johnson,"Port Jonathan, AE",No description available,No link available
Television floor manager,Hughes-Williams,"Osbornetown, AE",No description available,No link available
Waste management officer,"Jones, Williams and Villa","Scotttown, AP",No description available,No link available
Software Engineer (Python),Garcia PLC,"Ericberg, AE",No description available,No link available
Interpreter,Gregory and Sons,"Ramireztown, AE",No description available,No link available
Architect,"Clark, Garcia and Sosa","Figueroaview, AA",No description available,No link available
Meteorologist,Bush PLC,"Kelseystad, AA",No description available,No link available
Audiological scientist,Salazar-Meyers,"Williamsburgh, AE",No description available,No link available
English as a second language teacher,"Parker, Murphy and Brooks","Mitchellburgh, AE",No description available,No link available
Surgeon,Cruz-Brown,"West Jessicabury, AA",No description available,No link available
Equities trader,Macdonald-Ferguson,"Maloneshire, AE",No description available,No link available
Newspaper journalist,"Williams, Peterson and Rojas","Johnsonton, AA",No description available,No link available
Materials engineer,Smith and Sons,"South Davidtown, AP",No description available,No link available
Python Programmer (Entry-Level),"Moss, Duncan and Allen","Port Sara, AE",No description available,No link available
Product/process development scientist,Gomez-Carroll,"Marktown, AA",No description available,No link available
"Scientist, research (maths)","Manning, Welch and Herring","Laurenland, AE",No description available,No link available
Ecologist,"Lee, Gutierrez and Brown","Lauraton, AP",No description available,No link available
Materials engineer,"Davis, Serrano and Cook","South Tammyberg, AP",No description available,No link available
Historic buildings inspector/conservation officer,Smith LLC,"North Brandonville, AP",No description available,No link available
Data scientist,Thomas Group,"Port Robertfurt, AA",No description available,No link available
Psychiatrist,Silva-King,"Burnettbury, AE",No description available,No link available
Structural engineer,Pierce-Long,"Herbertside, AA",No description available,No link available
Immigration officer,Walker-Simpson,"Christopherport, AP",No description available,No link available
Python Programmer (Entry-Level),Cooper and Sons,"West Victor, AE",No description available,No link available
Neurosurgeon,"Donovan, Gonzalez and Figueroa","Port Aaron, AP",No description available,No link available
Broadcast engineer,"Morgan, Butler and Bennett","Loribury, AA",No description available,No link available
Make,Snyder-Lee,"Angelastad, AP",No description available,No link available
"Nurse, adult",Harris PLC,"Larrytown, AE",No description available,No link available
Air broker,Washington PLC,"West Colin, AP",No description available,No link available
"Editor, film/video","Brown, Price and Campbell","West Stephanie, AP",No description available,No link available
"Production assistant, radio",Mcgee PLC,"Laurentown, AP",No description available,No link available
"Engineer, communications",Dixon Inc,"Wrightberg, AP",No description available,No link available
Sales executive,"Thompson, Sheppard and Ward","Alberttown, AE",No description available,No link available
Software Developer (Python),Adams-Brewer,"Brockburgh, AE",No description available,No link available
Futures trader,Schneider-Brady,"North Jason, AE",No description available,No link available
Tour manager,Gonzales-Frank,"Arnoldhaven, AE",No description available,No link available
Cytogeneticist,Smith-Wong,"Lake Destiny, AP",No description available,No link available
"Designer, multimedia",Pierce-Herrera,"South Timothyburgh, AP",No description available,No link available
Trade union research officer,"Aguilar, Rivera and Quinn","New Jimmyton, AE",No description available,No link available
"Chemist, analytical","Lowe, Barnes and Thomas","New Lucasbury, AP",No description available,No link available
"Programmer, multimedia","Lewis, Gonzalez and Vasquez","Port Cory, AE",No description available,No link available
"Engineer, broadcasting (operations)",Taylor PLC,"Gileston, AA",No description available,No link available
"Teacher, primary school","Oliver, Jones and Ramirez","Cindyshire, AA",No description available,No link available
Python Developer,Rivera and Sons,"East Michaelfort, AA",No description available,No link available
Manufacturing systems engineer,Garcia PLC,"Joybury, AE",No description available,No link available
"Producer, television/film/video","Johnson, Wells and Kramer","Emmatown, AE",No description available,No link available
"Scientist, forensic",Gonzalez LLC,"Colehaven, AP",No description available,No link available
Bonds trader,"Morgan, White and Macdonald","Port Coryton, AE",No description available,No link available
Editorial assistant,Robinson-Fitzpatrick,"Amyborough, AA",No description available,No link available
Photographer,"Waters, Wilson and Hoover","Reynoldsville, AA",No description available,No link available
Retail banker,Hill LLC,"Port Billy, AP",No description available,No link available
Jewellery designer,Li-Gregory,"Adamburgh, AA",No description available,No link available
Ophthalmologist,"Fisher, Ryan and Coleman","Wilsonmouth, AA",No description available,No link available
"Back-End Web Developer (Python, Django)",Stewart-Alexander,"South Kimberly, AA",No description available,No link available
Licensed conveyancer,Abbott and Sons,"Benjaminland, AP",No description available,No link available
Futures trader,"Bryant, Santana and Davenport","Zacharyport, AA",No description available,No link available
Counselling psychologist,Smith PLC,"Port Devonville, AE",No description available,No link available
Insurance underwriter,Patterson-Singh,"East Thomas, AE",No description available,No link available
"Engineer, automotive",Martinez-Berry,"New Jeffrey, AP",No description available,No link available
"Producer, radio","May, Taylor and Fisher","Davidside, AA",No description available,No link available
Dispensing optician,"Bailey, Owen and Thompson","Jamesville, AA",No description available,No link available
"Designer, fashion/clothing",Vasquez Ltd,"New Kelly, AP",No description available,No link available
Chartered loss adjuster,Leblanc LLC,"Lake Antonio, AA",No description available,No link available
"Back-End Web Developer (Python, Django)","Jackson, Ali and Mckee","New Elizabethside, AA",No description available,No link available
Forest/woodland manager,"Blankenship, Knight and Powell","Millsbury, AE",No description available,No link available
Clinical cytogeneticist,"Patton, Haynes and Jones","Lloydton, AP",No description available,No link available
Print production planner,Wood Inc,"Port Jeremy, AA",No description available,No link available
Systems developer,Collins Group,"New Elizabethtown, AA",No description available,No link available
Graphic designer,Flores-Nelson,"Charlesstad, AE",No description available,No link available
Writer,"Mitchell, Jones and Olson","Josephbury, AE",No description available,No link available
Field seismologist,Howard Group,"Seanfurt, AA",No description available,No link available
Chief Strategy Officer,Kramer-Edwards,"Williambury, AA",No description available,No link available
Air cabin crew,Berry-Houston,"South Jorgeside, AP",No description available,No link available
Python Programmer (Entry-Level),Mathews Inc,"Robertborough, AP",No description available,No link available
Warden/ranger,Riley-Johnson,"South Saratown, AP",No description available,No link available
Sports therapist,Spencer and Sons,"Hullview, AA",No description available,No link available
Arts development officer,Camacho-Sanchez,"Philipland, AP",No description available,No link available
Printmaker,Oliver and Sons,"North Patty, AE",No description available,No link available
Health and safety adviser,Eaton PLC,"North Stephen, AE",No description available,No link available
Manufacturing systems engineer,Stanley-Frederick,"Stevensland, AP",No description available,No link available
"Programmer, applications",Bradley LLC,"Reyesstad, AE",No description available,No link available
Medical physicist,"Parker, Goodwin and Zavala","Bellberg, AP",No description available,No link available
Media planner,Kim-Miles,"North Johnland, AE",No description available,No link available
Software Developer (Python),Moreno-Rodriguez,"Martinezburgh, AE",No description available,No link available
"Surveyor, land/geomatics",Brown-Ortiz,"Joshuatown, AE",No description available,No link available
Legal executive,Hartman PLC,"West Ericstad, AA",No description available,No link available
"Librarian, academic",Brooks Inc,"Tuckertown, AE",No description available,No link available
Barrister,Washington-Castillo,"Perezton, AE",No description available,No link available
Museum/gallery exhibitions officer,"Nguyen, Yoder and Petty","Lake Abigail, AE",No description available,No link available
"Radiographer, diagnostic",Holder LLC,"Jacobshire, AP",No description available,No link available
Database administrator,Yates-Ferguson,"Port Susan, AE",No description available,No link available
Furniture designer,Ortega-Lawrence,"North Tiffany, AA",No description available,No link available
Ship broker,"Fuentes, Walls and Castro","Michelleville, AP",No description available,No link available
